message_ID,gpt4_ml
<20151116183151.5E01D22AF6@bioinformatics.org>,No
<20151116185606.2AA2722B07@bioinformatics.org>,No
<20151116191752.59D9222B1A@bioinformatics.org>,No
<20151116194941.D2F6022C9E@bioinformatics.org>,No
<20151117200747.D4CF623F0C@bioinformatics.org>,No
<20151118014810.8195E233D1@bioinformatics.org>,Yes
<20151118203458.2D4BA23E21@bioinformatics.org>,No
<20151118210312.9DDB423EB5@bioinformatics.org>,Yes
<20151118213204.743D923ED0@bioinformatics.org>,No
<20151120185559.C89EE21EBD@bioinformatics.org>,Yes
<20151120190557.9B269240E4@bioinformatics.org>,No
<20151120191119.7FD8A23F3C@bioinformatics.org>,No
<20151120192523.B83F62402C@bioinformatics.org>,Yes
<20151123151206.CBEFA232BB@bioinformatics.org>,No
<20151123171642.9C0822333E@bioinformatics.org>,No
<20151123232357.8D28F23D5B@bioinformatics.org>,No
<20151124011939.CAEF923E65@bioinformatics.org>,No
<20151124024439.2A91D23E25@bioinformatics.org>,No
<20151125142107.0F64923F1B@bioinformatics.org>,No
<20151129175428.15D7922E0F@bioinformatics.org>,No
<20151130175901.EDA0320ABE@bioinformatics.org>,No
<20151130182808.079CE233C6@bioinformatics.org>,No
<20151201011504.351E7233B8@bioinformatics.org>,No
<20151201154042.7FF1123E63@bioinformatics.org>,No
<20151202030933.6C68423E8A@bioinformatics.org>,Yes
<20151202160025.013AB23E96@bioinformatics.org>,Yes
<20151202163347.200A123EDE@bioinformatics.org>,No
<20151202172645.EC7AA23EC1@bioinformatics.org>,No
<20151202185547.9E6D423F29@bioinformatics.org>,No
<20151203214113.7E58223F6B@bioinformatics.org>,No
<20151116183151.5E01D22AF6@bioinformatics.org>,No
<20151116185606.2AA2722B07@bioinformatics.org>,No
<20151116191752.59D9222B1A@bioinformatics.org>,No
<20151116194941.D2F6022C9E@bioinformatics.org>,No
<20151117200747.D4CF623F0C@bioinformatics.org>,No
<20151118014810.8195E233D1@bioinformatics.org>,No
<20151118203458.2D4BA23E21@bioinformatics.org>,No
<20151118210312.9DDB423EB5@bioinformatics.org>,Yes
<20151118213204.743D923ED0@bioinformatics.org>,No
<20151120185559.C89EE21EBD@bioinformatics.org>,Yes
<20151120190557.9B269240E4@bioinformatics.org>,No
<20151120191119.7FD8A23F3C@bioinformatics.org>,No
<20151120192523.B83F62402C@bioinformatics.org>,Yes
<20151123151206.CBEFA232BB@bioinformatics.org>,No
<20151123171642.9C0822333E@bioinformatics.org>,No
<20151123232357.8D28F23D5B@bioinformatics.org>,No
<20151124011939.CAEF923E65@bioinformatics.org>,No
<20151124024439.2A91D23E25@bioinformatics.org>,No
<20151125142107.0F64923F1B@bioinformatics.org>,No
<20151129175428.15D7922E0F@bioinformatics.org>,No
<20151130175901.EDA0320ABE@bioinformatics.org>,No
<20151130182808.079CE233C6@bioinformatics.org>,No
<20151201011504.351E7233B8@bioinformatics.org>,No
<20151201154042.7FF1123E63@bioinformatics.org>,No
<20151202030933.6C68423E8A@bioinformatics.org>,Yes
<20151202160025.013AB23E96@bioinformatics.org>,Yes
<20151202163347.200A123EDE@bioinformatics.org>,No
<20151202172645.EC7AA23EC1@bioinformatics.org>,No
<20151202185547.9E6D423F29@bioinformatics.org>,No
<20151203214113.7E58223F6B@bioinformatics.org>,No
<20151203235159.1972323FB4@bioinformatics.org>,No
<20151208171513.683F923F3C@bioinformatics.org>,No
<20151208195001.14D7A24FA5@bioinformatics.org>,Yes
<20151209180342.0AF0323FA3@bioinformatics.org>,No
<20151209212205.C26F024FF5@bioinformatics.org>,No
<20151211205404.AEB5D2510B@bioinformatics.org>,No
<20151214185926.8FA0220C69@bioinformatics.org>,No
<20151215212248.1BBC825243@bioinformatics.org>,No
<20151215214059.DEEB221936@bioinformatics.org>,No
<20151215233403.8174221EAB@bioinformatics.org>,No
<20151216232029.6A40122AD1@bioinformatics.org>,Yes
<20151216234810.64B9125178@bioinformatics.org>,No
<20151217225540.3702925135@bioinformatics.org>,No
<20151218192819.E30432521B@bioinformatics.org>,No
<20151222181823.8060325570@bioinformatics.org>,Yes
<20151222183324.AD5E925577@bioinformatics.org>,No
<20151223190913.E895E2533B@bioinformatics.org>,No
<20151223195653.845312507B@bioinformatics.org>,No
<20151223201949.066AE254AF@bioinformatics.org>,No
<20151223204937.B5C2A23F02@bioinformatics.org>,No
<20151224171828.582D425762@bioinformatics.org>,No
<20151224181114.9903923E2D@bioinformatics.org>,No
<20151224191244.D4D0E255EA@bioinformatics.org>,No
<20151224212356.D2AB725431@bioinformatics.org>,No
<20151229173628.B414E25620@bioinformatics.org>,No
<20151229185839.739E425498@bioinformatics.org>,No
<20160104011602.743BB257B2@bioinformatics.org>,No
<20160104143307.5624D25120@bioinformatics.org>,No
<20160105222529.8FBE0250D0@bioinformatics.org>,No
<20160106140428.B39D325714@bioinformatics.org>,Yes
<20160106210311.0356A25782@bioinformatics.org>,No
<20160106212637.90E29257DE@bioinformatics.org>,Yes
<20160106214055.9FE5C25518@bioinformatics.org>,No
<20160106215739.1170625848@bioinformatics.org>,No
<20160106221704.3E25A258C3@bioinformatics.org>,No
<20160106224424.01F4525367@bioinformatics.org>,No
<20160107211310.19BD423F09@bioinformatics.org>,No
<20160111162416.A675D2512F@bioinformatics.org>,No
<20160112141922.655452514A@bioinformatics.org>,No
<20160114143138.D728323E8D@bioinformatics.org>,No
<20160114150141.0F4E8251AB@bioinformatics.org>,No
<20160114165711.DB64220BAB@bioinformatics.org>,No
<20160114174019.7AE8F20C93@bioinformatics.org>,No
<20160114192450.C3BBB20DF2@bioinformatics.org>,Yes
<20160114223544.83F4E2241F@bioinformatics.org>,Yes
<20160115142820.EE22B22564@bioinformatics.org>,No
<20160118174421.B5D522104D@bioinformatics.org>,No
<20160118183129.CFE4621518@bioinformatics.org>,Yes
<20160119210152.C023221867@bioinformatics.org>,Yes
<20160120174026.6159E20C61@bioinformatics.org>,No
<20160120204128.3082421BA3@bioinformatics.org>,Yes
<20160121170657.D040C215FA@bioinformatics.org>,No
<20160123023544.84F2421F22@bioinformatics.org>,Yes
<20160126002936.5F6B721C53@bioinformatics.org>,No
<20160126011209.1D9ED21C6F@bioinformatics.org>,No
<20160127195110.30204220F4@bioinformatics.org>,No
<20160128192659.5B79322D7C@bioinformatics.org>,No
<20160128210048.BA7B121F22@bioinformatics.org>,No, the job description does not explicitly mention machine learning, AI, or deep learning as a requirement. However, these skills could be beneficial given the focus on bioinformatics, precision medicine, and high performance computing.
<20160201232835.E6EC221F9E@bioinformatics.org>,No
<20160202022730.0ADD72134A@bioinformatics.org>,Yes
<20160202222821.8A0EC22DD5@bioinformatics.org>,No
<20160202223815.61FF922DAB@bioinformatics.org>,No
<20160202225028.1C5B320EF6@bioinformatics.org>,No
<20160202232016.863D722E22@bioinformatics.org>,No
<20160202233000.BF1A921FE4@bioinformatics.org>,Yes
<20160203164404.DB5CE21C70@bioinformatics.org>,Yes, machine learning, AI, or deep learning could be a possible requirement for this job as it mentions "Analysis using statistical and machine learning tools" in the job description.
<20160204140338.193B7223A4@bioinformatics.org>,No
<20160205232244.5B4A120EEE@bioinformatics.org>,No
<20160205232429.23EA420E42@bioinformatics.org>,No
<20160208203623.3B8C021820@bioinformatics.org>,No
<20160210163341.19A0C21B50@bioinformatics.org>,No
<20160211153937.7773220ECD@bioinformatics.org>,No
<20160213010033.28BB520A44@bioinformatics.org>,No
<20160217192713.CA9EA21108@bioinformatics.org>,No
<20160217201745.9DA58211FA@bioinformatics.org>,No
<20160218220542.E7B9121088@bioinformatics.org>,No
<20160220004405.BA8EF20F88@bioinformatics.org>,No
<20160222210349.7DE6F20CD3@bioinformatics.org>,No
<20160223205752.B94D921242@bioinformatics.org>,No
<20160224164053.910A521151@bioinformatics.org>,No
<20160226221800.6125E211FB@bioinformatics.org>,No
<20160226223500.A29882139D@bioinformatics.org>,No
<20160226225915.6CEA321502@bioinformatics.org>,No
<20160226232956.899DD21223@bioinformatics.org>,No
<20160301201949.141C521303@bioinformatics.org>,No
<20160301203230.1DB712130A@bioinformatics.org>,No
<20160301204305.66F1E2132F@bioinformatics.org>,No
<20160301205956.4E7E821315@bioinformatics.org>,No
<20160301211821.596AE21351@bioinformatics.org>,No
<20160301213329.7C406213BE@bioinformatics.org>,No
<20160301215919.86E59211D2@bioinformatics.org>,No
<20160301222544.B01702137A@bioinformatics.org>,No
<20160301224419.D2822214B8@bioinformatics.org>,No
<20160301231052.0263B2148B@bioinformatics.org>,No
<20160302173200.3A73921220@bioinformatics.org>,Yes
<20160303151915.454D3211EF@bioinformatics.org>,No
<20160304235516.15AA32125D@bioinformatics.org>,No
<20160307131638.636C6212BD@bioinformatics.org>,No
<20160307144337.DA9C921363@bioinformatics.org>,No
<20160307221144.295C3212B3@bioinformatics.org>,No
<20160308231829.2263822E35@bioinformatics.org>,Yes
<20160310004526.AEA9623058@bioinformatics.org>,No
<20160310191519.9804222E45@bioinformatics.org>,No
<20160310202423.6EBD121335@bioinformatics.org>,No
<20160314151642.EABC722E7F@bioinformatics.org>,No
<20160314194835.6296E22E41@bioinformatics.org>,No
<20160315181600.1290422E5B@bioinformatics.org>,No
<20160316004110.C65E322EA4@bioinformatics.org>,No
<20160319222241.EC8C622EEF@bioinformatics.org>,No
<20160320003703.772962168E@bioinformatics.org>,No
<20160320012644.7363D22E40@bioinformatics.org>,No
<20160321194604.7988922EA0@bioinformatics.org>,No
<20160321204157.8E1BC22EBA@bioinformatics.org>,No
<20160322182524.7899722ECB@bioinformatics.org>,No
<20160322184212.3001F22F1C@bioinformatics.org>,No
<20160322185433.65A1322EEE@bioinformatics.org>,No
<20160325151646.1B8AF22FA7@bioinformatics.org>,No
<20160325220119.347E722F41@bioinformatics.org>,No
<20160328150205.8956023128@bioinformatics.org>,Yes
<20160328152157.70C1723301@bioinformatics.org>,No
<20160328182958.E57FE2339E@bioinformatics.org>,No
<20160328211531.389902358D@bioinformatics.org>,No
<20160329162200.49BCB23141@bioinformatics.org>,No
<20160330171522.B819C22F55@bioinformatics.org>,No
<20160331132530.5CEA522EE1@bioinformatics.org>,No
<20160331133318.3C1A823008@bioinformatics.org>,No
<20160331135000.69EC7230D5@bioinformatics.org>,No
<20160331172843.4B646233D5@bioinformatics.org>,No
<20160331203826.5B3DE232DE@bioinformatics.org>,No
<20160331212328.2B80E23292@bioinformatics.org>,No
<20160331221044.C5D982321F@bioinformatics.org>,No
<20160402002935.28D6322FD6@bioinformatics.org>,Yes
<20160402011142.A2A0521085@bioinformatics.org>,No
<20160402023238.9CA6723117@bioinformatics.org>,No
<20160404125549.411A92301D@bioinformatics.org>,No
<20160407121002.9BAF322FEC@bioinformatics.org>,No
<20160407164939.3CAEB2309A@bioinformatics.org>,No
<20160409235319.5E78922FB3@bioinformatics.org>,Yes
<20160412192759.C5914236B5@bioinformatics.org>,No
<20160413193914.B22952313D@bioinformatics.org>,No
<20160415174920.8E17C232C3@bioinformatics.org>,No
<20160415181312.A4D8123288@bioinformatics.org>,No
<20160418210827.633042301C@bioinformatics.org>,No
<20160420180607.92D7E23380@bioinformatics.org>,No
<20160421014416.07A822339B@bioinformatics.org>,No
<20160425132654.5C7552305C@bioinformatics.org>,No
<20160425140200.03A7022FDB@bioinformatics.org>,No
<20160425144158.51EBD23068@bioinformatics.org>,Yes
<20160426113854.7882223445@bioinformatics.org>,Yes
<20160426233920.4DACA23070@bioinformatics.org>,No
<20160427001122.08A9722FF0@bioinformatics.org>,Yes
<20160427210525.9A2492307A@bioinformatics.org>,No
<20160427213231.DB45423072@bioinformatics.org>,Yes
<20160429204608.7F4BC2308A@bioinformatics.org>,No
<20160501001711.5E6FC23005@bioinformatics.org>,No
<20160502201945.3FC39230DC@bioinformatics.org>,Yes
<20160502222052.4A3A3230B0@bioinformatics.org>,No
<20160502232722.ED00C23130@bioinformatics.org>,No
<20160506192124.D4C8A230A8@bioinformatics.org>,Yes
<20160510145543.2B45923138@bioinformatics.org>,No
<20160512152906.69163231BA@bioinformatics.org>,Yes
<20160512173959.B59FE23175@bioinformatics.org>,Yes
<20160512201728.54CE8231BD@bioinformatics.org>,No
<20160513223915.975C2231D9@bioinformatics.org>,No
<20160516204053.C81AE231FF@bioinformatics.org>,No
<20160519180421.7C2BA231CC@bioinformatics.org>,No
<20160519191543.07D882320A@bioinformatics.org>,No
<20160519215219.D57CF2333C@bioinformatics.org>,No
<20160519231148.3E0B1232D6@bioinformatics.org>,No
<20160523120216.36C54233F6@bioinformatics.org>,No
<20160523210505.F39DF23324@bioinformatics.org>,No
<20160524204721.7F86E2329D@bioinformatics.org>,No
<20160524210520.171242328F@bioinformatics.org>,No
<20160527222631.245C022ECB@bioinformatics.org>,No
<20160527223857.29B1523298@bioinformatics.org>,No
<20160531115423.1B7DE23213@bioinformatics.org>,No
<20160531160140.153E82331E@bioinformatics.org>,No
<20160601124426.00A6923259@bioinformatics.org>,No
<20160603141700.7A5FC23392@bioinformatics.org>,No
<20160603175235.82C182351A@bioinformatics.org>,Yes
<20160605152414.CD05E23352@bioinformatics.org>,No
<20160605154429.8EC3C23288@bioinformatics.org>,No
<20160606144205.7877E232C1@bioinformatics.org>,No
<20160606152617.D8B5B23395@bioinformatics.org>,No
<20160606153810.E052B2336F@bioinformatics.org>,No
<20160606163300.9F4DB233C4@bioinformatics.org>,No
<20160608152953.512962331C@bioinformatics.org>,No
<20160611003925.1BB082334E@bioinformatics.org>,No
<20160614024757.47FB623461@bioinformatics.org>,No
<20160614164117.0CE7A2345C@bioinformatics.org>,No
<20160614235555.253C9236A2@bioinformatics.org>,No
<20160615001407.9637E23619@bioinformatics.org>,No
<20160615173154.D2532233DF@bioinformatics.org>,No
<20160616155645.16F56233E3@bioinformatics.org>,No
<20160617000214.E71742364B@bioinformatics.org>,No
<20160617182402.C268F2343F@bioinformatics.org>,No
<20160620180044.3F1EE2349D@bioinformatics.org>,No
<20160621135147.2967423445@bioinformatics.org>,No
<20160621183833.85A4E234A3@bioinformatics.org>,No
<20160622191817.8DFEA234A1@bioinformatics.org>,No
<20160622204522.EE352234A1@bioinformatics.org>,No
<20160622214720.6A74523506@bioinformatics.org>,No
<20160622220040.99AEA234EF@bioinformatics.org>,No
<20160622221945.E31D52351E@bioinformatics.org>,No
<20160623162648.5CD2323443@bioinformatics.org>,No
<20160624193008.14EEA23AE0@bioinformatics.org>,No
<20160624194256.1950D23D12@bioinformatics.org>,No
<20160627180536.1267A2355D@bioinformatics.org>,No
<20160627225329.A5AF7235A8@bioinformatics.org>,No
<20160627231009.46EF92359D@bioinformatics.org>,No
<20160628134924.DF974234C2@bioinformatics.org>,No
<20160628185205.81AE0235D5@bioinformatics.org>,Yes
<20160628185918.F089A236E3@bioinformatics.org>,No
<20160630200148.0181E2354C@bioinformatics.org>,Yes
<20160630222119.B4BC02356A@bioinformatics.org>,Yes
<20160711191925.1D2A023599@bioinformatics.org>,No
<20160712184954.23065235A1@bioinformatics.org>,No
<20160712191137.05885235DD@bioinformatics.org>,No
<20160712192544.0694E2363D@bioinformatics.org>,No
<20160712194541.DE90D23777@bioinformatics.org>,No
<20160714172519.67D8E23592@bioinformatics.org>,No
<20160714174735.69D40235A9@bioinformatics.org>,No
<20160714184557.96CC523618@bioinformatics.org>,No
<20160718181927.82B4E2364F@bioinformatics.org>,No
<20160718203742.C513423681@bioinformatics.org>,No
<20160718210510.D65A0235A5@bioinformatics.org>,No
<20160718213646.13C2723661@bioinformatics.org>,No
<20160720222121.BBE7723663@bioinformatics.org>,No
<20160722183952.B96732360F@bioinformatics.org>,Yes
<20160722195121.4C14123688@bioinformatics.org>,No
<20160722222109.179F5236CE@bioinformatics.org>,No
<20160725184338.905D6236C6@bioinformatics.org>,No
<20160725201436.4FAE223694@bioinformatics.org>,No
<20160727194025.720D7236C9@bioinformatics.org>,No
<20160729005851.CF56523698@bioinformatics.org>,No
<20160801194901.044B9236CF@bioinformatics.org>,No
<20160801195920.8C85F236F6@bioinformatics.org>,No
<20160801200834.3E3D0236EE@bioinformatics.org>,No
<20160801201809.E1BD4236B8@bioinformatics.org>,No
<20160801204139.4828C23742@bioinformatics.org>,No
<20160801211324.6FD3F23787@bioinformatics.org>,No
<20160801214756.D639C23757@bioinformatics.org>,No
<20160803175522.0C419236E1@bioinformatics.org>,No
<20160805171442.E8C7C236ED@bioinformatics.org>,No
<20160808201058.E5BA023769@bioinformatics.org>,No
<20160808202214.915A9237C9@bioinformatics.org>,No
<20160808215439.690AB2374A@bioinformatics.org>,No
<20160810204046.CE63323725@bioinformatics.org>,No
<20160811193058.8036923724@bioinformatics.org>,No
<20160812171407.9CACD23744@bioinformatics.org>,No
<20160815195353.432D123782@bioinformatics.org>,No
<20160816130507.222E6237CA@bioinformatics.org>,No
<20160816160303.4A6AC23782@bioinformatics.org>,No
<20160816170640.4F8E5237A4@bioinformatics.org>,No
<20160817205100.C9427237B7@bioinformatics.org>,No
<20160819211205.5705323799@bioinformatics.org>,No
<20160819211913.E2102237EA@bioinformatics.org>,No
<20160819212729.F21DC238D8@bioinformatics.org>,No
<20160819213006.2A81923918@bioinformatics.org>,Yes
<20160822155602.3050C237ED@bioinformatics.org>,No
<20160823175438.C05062383C@bioinformatics.org>,No
<20160825185744.58C8823B34@bioinformatics.org>,No
<20160826194202.F18452381A@bioinformatics.org>,Yes
<20160829181414.AC4902384A@bioinformatics.org>,No
<20160829182124.AEF6E239FF@bioinformatics.org>,No
<20160829191726.3F2A7237DB@bioinformatics.org>,Yes
<20160829194731.BAD3B23854@bioinformatics.org>,No
<20160829200205.1753D23889@bioinformatics.org>,No
<20160831230021.9C6E923869@bioinformatics.org>,Yes
<20160831230456.DF78F2393E@bioinformatics.org>,Yes
<20160901172127.497FC236C2@bioinformatics.org>,Yes
<20160902174408.E6FAB23833@bioinformatics.org>,No
<20160903183502.5BC1B237EA@bioinformatics.org>,No
<20160904180745.777BE2386D@bioinformatics.org>,No
<20160905203128.86E5423852@bioinformatics.org>,No
<20160906155836.5220D238C7@bioinformatics.org>,No
<20160906163333.727F2238DA@bioinformatics.org>,No
<20160908153038.2B00A23897@bioinformatics.org>,Yes
<20160909204132.2535423870@bioinformatics.org>,Yes
<20160912220057.0397B2391E@bioinformatics.org>,No
<20160914023954.B9ABD23AF5@bioinformatics.org>,No
<20160916003311.01A3923951@bioinformatics.org>,No
<20160916183718.A223823966@bioinformatics.org>,No
<20160916185542.4BFEC23957@bioinformatics.org>,Yes
<20160916195148.D31F723930@bioinformatics.org>,Yes
<20160916225814.943E32393C@bioinformatics.org>,Yes
<20160917014715.252D523903@bioinformatics.org>,No
<20160917022119.626DA2389C@bioinformatics.org>,No
<20160919220657.1BD48239AF@bioinformatics.org>,No
<20160919222330.1B90F2399F@bioinformatics.org>,No
<20160921191940.49FF123A67@bioinformatics.org>,No
<20160922183903.46BA823A20@bioinformatics.org>,No
<20160923212348.9220923ACB@bioinformatics.org>,No
<20160927192511.CDBB723989@bioinformatics.org>,No
<20160927193455.1E23D23948@bioinformatics.org>,No
<20160928200421.6233D23950@bioinformatics.org>,No
<20160929184955.7B5EB2393F@bioinformatics.org>,No
<20160930195717.0C9942392D@bioinformatics.org>,Yes
<20161003170833.5E3E2239DE@bioinformatics.org>,No
<20161003173613.B5CF8239D0@bioinformatics.org>,Yes
<20161004172222.AB144239B6@bioinformatics.org>,No
<20161005180216.80C23239BD@bioinformatics.org>,No
<20161005183808.0A523239E5@bioinformatics.org>,No
<20161006121640.AC3512398C@bioinformatics.org>,No
<20161006123623.BB31B239F3@bioinformatics.org>,No
<20161007221843.39612239B0@bioinformatics.org>,No
<20161007231225.B8DA023999@bioinformatics.org>,No
<20161010213511.5573B23A5E@bioinformatics.org>,No
<20161011212944.6945923A02@bioinformatics.org>,No
<20161016232653.96C8D239D4@bioinformatics.org>,No
<20161017001434.2C47A23A52@bioinformatics.org>,No
<20161017002755.5133223A26@bioinformatics.org>,No
<20161017183653.EDD7323A67@bioinformatics.org>,No
<20161019175503.B649923A5A@bioinformatics.org>,No
<20161020193757.F397823A4A@bioinformatics.org>,Yes
<20161020194943.3650E23B0C@bioinformatics.org>,No
<20161020201853.8F53623B72@bioinformatics.org>,Yes
<20161020202713.0DAE523C1A@bioinformatics.org>,Yes
<20161024170935.F114923AB7@bioinformatics.org>,Yes
<20161025184632.C567523AAE@bioinformatics.org>,No
<20161025201839.AE9F423B4B@bioinformatics.org>,No
<20161025203519.F0C8323BB0@bioinformatics.org>,Yes
<20161028200302.2B25F23ABA@bioinformatics.org>,No
<20161028202701.6CDA923B9F@bioinformatics.org>,No
<20161031130439.A54BE23B37@bioinformatics.org>,No
<20161031145451.590BB23A34@bioinformatics.org>,No
<20161031235653.CB6AE23A8D@bioinformatics.org>,No
<20161102201659.662C823B64@bioinformatics.org>,No
<20161107165604.29F9C23B5F@bioinformatics.org>,No
<20161109153507.689A123BF8@bioinformatics.org>,No
<20161113011019.A1C9223B00@bioinformatics.org>,No
<20161114223645.AEFBD23BF5@bioinformatics.org>,No
<20161115175627.8412123B8D@bioinformatics.org>,No
<20161115190017.23DFF23D0F@bioinformatics.org>,No
<20161117200824.8527C23C6B@bioinformatics.org>,No
<20161118002835.1C41E23D14@bioinformatics.org>,No
<20161118010505.7563723E44@bioinformatics.org>,No
<20161118012703.E345623FA3@bioinformatics.org>,No
<20161118014340.6F29B2409B@bioinformatics.org>,No
<20161118024838.8100B23CA0@bioinformatics.org>,Yes
<20161118201929.972D823C36@bioinformatics.org>,No
<20161121021941.D5BFC23C6A@bioinformatics.org>,No
<20161121192832.A325F23C40@bioinformatics.org>,No
<20161121195427.0193323D84@bioinformatics.org>,No
<20161121200755.551D423F18@bioinformatics.org>,No
<20161121205814.8E60A2403B@bioinformatics.org>,No
<20161121222105.DC84424122@bioinformatics.org>,No
<20161122021940.E846C23C95@bioinformatics.org>,No
<20161122161105.74D9023BD9@bioinformatics.org>,No
<20161122162738.9F90E23BD9@bioinformatics.org>,No
<20161122180441.2CC2C23C31@bioinformatics.org>,No
<20161124223235.5880E23C96@bioinformatics.org>,No
<20161125203913.4147D23C3C@bioinformatics.org>,No
<20161128195102.6FB1823D0B@bioinformatics.org>,No
<20161128201632.5DDE923D5F@bioinformatics.org>,Yes
<20161128215605.54F6523EC9@bioinformatics.org>,No
<20161130174159.394DE23D04@bioinformatics.org>,No
<20161130224955.6A20623DA1@bioinformatics.org>,No
<20161202190144.8D7F823C77@bioinformatics.org>,No
<20161202194650.A91A323DEC@bioinformatics.org>,No
<20161202200204.CC86223F34@bioinformatics.org>,No
<20161205202746.BCB1A23CDB@bioinformatics.org>,No
<20161206181716.8CD13248EE@bioinformatics.org>,No
<20161207143317.F41DF23C44@bioinformatics.org>,No
<20161207145622.241DA23C34@bioinformatics.org>,No
<20161207194118.CC9E123C83@bioinformatics.org>,No
<20161208195913.33BE723AE7@bioinformatics.org>,No
<20161208201917.9FFAE23C54@bioinformatics.org>,No
<20161209205658.45CE123C49@bioinformatics.org>,Yes
<20161213200758.82E5C23CAC@bioinformatics.org>,No
<20161214142255.9F37123DBB@bioinformatics.org>,No, the job description does not mention machine learning, AI, or deep learning as requirement for this job.
<20161214143147.08A0F23F06@bioinformatics.org>,No
<20161214144714.57D3E2404E@bioinformatics.org>,No
<20161215040728.1E5F323D5E@bioinformatics.org>,No
<20161216224740.EBF0923FBF@bioinformatics.org>,No
<20161220002225.D2DAE23E53@bioinformatics.org>,No
<20161220185614.CEDFC23E34@bioinformatics.org>,No
<20161220191710.7D22423F9E@bioinformatics.org>,No
<20161220195947.52803240DF@bioinformatics.org>,No
<20161221035004.9F92023C46@bioinformatics.org>,No
<20161221233639.B774623E27@bioinformatics.org>,Yes
<20161222044854.976F423F83@bioinformatics.org>,No
<20161223152151.E62B423E44@bioinformatics.org>,Yes
<20161230172039.C02C323E62@bioinformatics.org>,No
<20161230174649.D8D1324028@bioinformatics.org>,No
<20170104214703.9AB9E23E80@bioinformatics.org>,No
<20170104221849.3C3F324055@bioinformatics.org>,No
<20170109185511.1688C23EC7@bioinformatics.org>,No
<20170109202830.8F79C24073@bioinformatics.org>,No
<20170111195542.6448523F2A@bioinformatics.org>,No
<20170111204055.DD35424099@bioinformatics.org>,No
<20170111222522.DEC2F23F26@bioinformatics.org>,No
<20170112211039.4358823EE3@bioinformatics.org>,No
<20170113183949.52BB923F0D@bioinformatics.org>,No
<20170115225041.5600023F1E@bioinformatics.org>,No
<20170117162436.2C36723F75@bioinformatics.org>,No
<20170118015254.E431B23F6C@bioinformatics.org>,No
<20170119230450.7239323F6E@bioinformatics.org>,No
<20170119234026.6A90524057@bioinformatics.org>,No
<20170120140915.0291023F39@bioinformatics.org>,No
<20170120190352.28D3123F44@bioinformatics.org>,No
<20170120191809.7FFBF240C5@bioinformatics.org>,Yes
<20170120203320.EAF1D24218@bioinformatics.org>,Yes
<20170123230636.70548242FA@bioinformatics.org>,No
<20170125154307.EE23623F43@bioinformatics.org>,Yes
<20170126160644.AD75223FA2@bioinformatics.org>,No
<20170127000827.D013723F61@bioinformatics.org>,No
<20170127172733.502CC23F59@bioinformatics.org>,Yes
<20170129195456.CC6B023F83@bioinformatics.org>,No
<20170130172554.38D9423E98@bioinformatics.org>,No
<20170130203947.93DA223E4B@bioinformatics.org>,No
<20170131164855.5D4B723EA9@bioinformatics.org>,No
<20170131165855.21BE923E7C@bioinformatics.org>,No
<20170201221438.7807423E69@bioinformatics.org>,No
<20170203170411.2E0A323EAB@bioinformatics.org>,No
<20170206172308.D1CD823E95@bioinformatics.org>,Yes
<20170206174036.7748D23EA6@bioinformatics.org>,No
<20170207223352.CCB9423EE0@bioinformatics.org>,No
<20170207225301.33C0923EDA@bioinformatics.org>,No
<20170208202403.476ED23ED6@bioinformatics.org>,No
<20170209204010.C571823ECA@bioinformatics.org>,No
<20170211234115.C81C523FC4@bioinformatics.org>,No
<20170211234535.2D7E223EBA@bioinformatics.org>,No
<20170213204558.049F623EB3@bioinformatics.org>,No
<20170213205646.458A923ED3@bioinformatics.org>,No
<20170213211737.9A20323EF2@bioinformatics.org>,No
<20170215203327.4863F23EF9@bioinformatics.org>,No
<20170215204708.B8E1023EFC@bioinformatics.org>,Yes
<20170215212939.9ABB523F26@bioinformatics.org>,Yes
<20170216215758.4112E23EF9@bioinformatics.org>,No
<20170216221603.0DAB123F06@bioinformatics.org>,No
<20170217185235.D40B623F0C@bioinformatics.org>,No
<20170217235811.3330023ECE@bioinformatics.org>,No
<20170218000342.1E36623F32@bioinformatics.org>,No
<20170222175506.D248323EF5@bioinformatics.org>,No
<20170222193359.7859A23EF3@bioinformatics.org>,No
<20170223153156.373C123F0C@bioinformatics.org>,No
<20170223154451.4AC0E23F2D@bioinformatics.org>,No
<20170223183609.3D7B920F69@bioinformatics.org>,No
<20170223234341.8995C23F0A@bioinformatics.org>,No
<20170224154149.AA5B523F18@bioinformatics.org>,No
<20170224163128.9EE3923EFA@bioinformatics.org>,No
<20170224203820.701C923EEA@bioinformatics.org>,No
<20170224225812.19E8623F1A@bioinformatics.org>,No
<20170301211516.68CB823F62@bioinformatics.org>,No
<20170306183902.53F3823F8E@bioinformatics.org>,No
<20170307220436.BA6C723F1A@bioinformatics.org>,No
<20170308224002.77FCC23F23@bioinformatics.org>,No
<20170308224945.9BE4F23F2D@bioinformatics.org>,No
<20170308234649.4BB4323F5F@bioinformatics.org>,Yes
<20170309213832.BD19523F69@bioinformatics.org>,No
<20170309230832.F23A0239F6@bioinformatics.org>,No
<20170312022312.1EB9723F31@bioinformatics.org>,No
<20170312023344.4A05C23F98@bioinformatics.org>,No
<20170314145930.061992438C@bioinformatics.org>,Yes
<20170314152304.06536243BC@bioinformatics.org>,No
<20170315115620.1AFBF243A7@bioinformatics.org>,No
<20170315162046.A1E082438A@bioinformatics.org>,No
<20170316143206.CB76E243C9@bioinformatics.org>,No
<20170316215928.AD70C243BE@bioinformatics.org>,No
<20170322003616.328A423FE7@bioinformatics.org>,No
<20170323191946.8FDEA2402D@bioinformatics.org>,No
<20170324160545.1C92524034@bioinformatics.org>,No
<20170327201327.A0042240DE@bioinformatics.org>,No
<20170327203707.DBA5F240F6@bioinformatics.org>,No
<20170330120744.896C924153@bioinformatics.org>,No
<20170331222731.A562E2426D@bioinformatics.org>,No
<20170405151850.9CE95242DC@bioinformatics.org>,No
<20170406133724.5542D243E1@bioinformatics.org>,No
<20170406173851.5AC53243BE@bioinformatics.org>,No
<20170410230010.53321244AA@bioinformatics.org>,No
<20170411214500.80D57244EF@bioinformatics.org>,No
<20170412215558.D16EC2450A@bioinformatics.org>,No
<20170413182859.D1B3024553@bioinformatics.org>,No
<20170419163609.E1C58245C9@bioinformatics.org>,No
<20170424135131.1E376246C6@bioinformatics.org>,No
<20170425200810.E02992464A@bioinformatics.org>,No
<20170427153954.7839F246B7@bioinformatics.org>,No
<20170428234707.2BF11246C7@bioinformatics.org>,No
<20170502191635.59EE32472D@bioinformatics.org>,No
<20170504203133.7676B246FD@bioinformatics.org>,No
<20170505210908.A68C72474D@bioinformatics.org>,No
<20170509122615.3526824780@bioinformatics.org>,No
<20170510171626.2BA28247A7@bioinformatics.org>,No
<20170511232056.CD75D247BE@bioinformatics.org>,No
<20170512191125.831E8247D3@bioinformatics.org>,No
<20170518150645.7F9DB2484F@bioinformatics.org>,No
<20170519160821.1C9BF2486C@bioinformatics.org>,No
<20170519172926.059D624857@bioinformatics.org>,No
<20170519232040.B317E24862@bioinformatics.org>,No
<20170519235207.33E1F24885@bioinformatics.org>,No
<20170520001809.39577248A3@bioinformatics.org>,No
<20170520004421.B659724879@bioinformatics.org>,No
<20170523171102.DBE60248D1@bioinformatics.org>,No
<20170524164752.AD5AE248EB@bioinformatics.org>,No
<20170524213218.A06A8248E2@bioinformatics.org>,No
<20170530170836.5DA8A249EE@bioinformatics.org>,No
<20170530175352.65A7024A12@bioinformatics.org>,No
<20170530180821.8DCA524A18@bioinformatics.org>,No
<20170601192831.1EDA724A14@bioinformatics.org>,No
<20170601225555.DE0A724A1B@bioinformatics.org>,No
<20170601231138.5EF5924A4B@bioinformatics.org>,No
<20170602201955.3372324A0A@bioinformatics.org>,No
<20170605211644.45C5424A67@bioinformatics.org>,No
<20170605212937.7FB1D24A8B@bioinformatics.org>,No
<20170606135025.3DBD224A67@bioinformatics.org>,No
<20170607202416.84E2324A90@bioinformatics.org>,No
<20170608215333.6554F24AAC@bioinformatics.org>,No
<20170608220437.5757224A40@bioinformatics.org>,Yes
<20170609174825.102A824ABF@bioinformatics.org>,No
<20170609180043.DF11D24ADD@bioinformatics.org>,No
<20170613123939.66A3D24AF2@bioinformatics.org>,No
<20170613165050.CA9BB24B58@bioinformatics.org>,No
<20170614231621.4F1CF24AEE@bioinformatics.org>,No
<20170615152251.B593F24B65@bioinformatics.org>,No
<20170616161235.7743424B62@bioinformatics.org>,No
<20170619141044.AE23924B84@bioinformatics.org>,No
<20170619142937.CC7D424BA2@bioinformatics.org>,No
<20170619174949.7492D24BB7@bioinformatics.org>,No
<20170620170454.3301324BCF@bioinformatics.org>,Yes
<20170620225243.38D1D24BAE@bioinformatics.org>,Yes
<20170621181135.346D124BD6@bioinformatics.org>,No
<20170627121959.22B6E24C3C@bioinformatics.org>,No
<20170627165705.47D5824C58@bioinformatics.org>,Yes
<20170627170012.4E93A24C60@bioinformatics.org>,No
<20170628182321.AE26924C61@bioinformatics.org>,No
<20170628184325.84AD524C76@bioinformatics.org>,No
<20170628214601.792D224C56@bioinformatics.org>,No
<20170628215435.D6D0624C74@bioinformatics.org>,No
<20170628220502.1832724C9E@bioinformatics.org>,No
<20170628222042.33F3724BFC@bioinformatics.org>,No
<20170630185449.2214024C5D@bioinformatics.org>,No
<20170703150104.5EDD124D0D@bioinformatics.org>,No
<20170703150333.5002A24D10@bioinformatics.org>,No
<20170704025702.8AF0924CCC@bioinformatics.org>,No
<20170704030926.036E424D10@bioinformatics.org>,No
<20170704203343.1584624D9E@bioinformatics.org>,No
<20170705190953.132DE24DAA@bioinformatics.org>,No
<20170705193252.06B6924DBC@bioinformatics.org>,No
<20170706225551.D82D124E84@bioinformatics.org>,No
<20170710174241.D5BF02503A@bioinformatics.org>,Yes
<20170710191940.9A4D32505F@bioinformatics.org>,Yes
<20170710202419.C71442501F@bioinformatics.org>,Yes
<20170711172037.0D60F2505A@bioinformatics.org>,No
<20170712164632.B8AF2250A4@bioinformatics.org>,No
<20170713185049.3DF702508C@bioinformatics.org>,No
<20170713192627.338CB250B2@bioinformatics.org>,No
<20170720202408.A2D2C2525E@bioinformatics.org>,Yes
<20170721184148.1835525260@bioinformatics.org>,No
<20170725191458.736EE25280@bioinformatics.org>,No
<20170726185310.25583252C2@bioinformatics.org>,Yes
<20170726233002.F2AD7252D6@bioinformatics.org>,No
<20170727183843.A1D1D252DA@bioinformatics.org>,No
<20170731200158.3BA6E25324@bioinformatics.org>,No
<20170801181548.C37A425354@bioinformatics.org>,No
<20170801184815.A7FA225375@bioinformatics.org>,No
<20170801191644.949DE25394@bioinformatics.org>,No
<20170801193112.D1428253BB@bioinformatics.org>,No
<20170802201246.A47C325369@bioinformatics.org>,No
<20170803201206.417812538E@bioinformatics.org>,No
<20170807235335.BECDA253C1@bioinformatics.org>,No
<20170808002214.30247253C1@bioinformatics.org>,No
<20170810191313.283A125408@bioinformatics.org>,No
<20170810202205.4700E25420@bioinformatics.org>,No
<20170810205136.04B0D25442@bioinformatics.org>,Yes
<20170811041631.74DFA25464@bioinformatics.org>,No
<20170811042113.465B725467@bioinformatics.org>,No
<20170811181135.05BFC24EBA@bioinformatics.org>,No
<20170815182849.A656D255D3@bioinformatics.org>,No
<20170815190249.DE6FA25527@bioinformatics.org>,No
<20170815201535.6BD9F254E4@bioinformatics.org>,No
<20170815215324.7A2D8255C2@bioinformatics.org>,No
<20170818030630.85F2B256DF@bioinformatics.org>,Yes
<20170818192621.A076E25684@bioinformatics.org>,No
<20170818194211.C5687256D3@bioinformatics.org>,No
<20170818201006.9F0D225515@bioinformatics.org>,No
<20170822131813.93AFE25646@bioinformatics.org>,No
<20170822213522.4C3BD25505@bioinformatics.org>,No
<20170824224812.B7052253BC@bioinformatics.org>,No
<20170824234722.5B35725435@bioinformatics.org>,No
<20170829174614.5E07A25491@bioinformatics.org>,No
<20170829175156.71A0D254B5@bioinformatics.org>,No
<20170830185307.82742254B3@bioinformatics.org>,Yes
<20170830192535.ED5C6254D9@bioinformatics.org>,No
<20170830195757.629092551B@bioinformatics.org>,Yes
<20170907184532.3A63E254C5@bioinformatics.org>,No
<20170909010322.B07F42536F@bioinformatics.org>,No
<20170912213352.03F0C2554B@bioinformatics.org>,No
<20170912214627.4194F25643@bioinformatics.org>,No
<20170912215813.90F132563F@bioinformatics.org>,Yes
<20170912220900.DAD2E256AB@bioinformatics.org>,No
<20170912222040.5226F25469@bioinformatics.org>,No
<20170915194008.2DC782571C@bioinformatics.org>,No
<20170915214924.D1C7525651@bioinformatics.org>,No
<20170918190729.09E5A25721@bioinformatics.org>,No
<20170919175057.550C325787@bioinformatics.org>,No
<20170920132552.C4675256E0@bioinformatics.org>,No
<20170920195938.40C0025AD0@bioinformatics.org>,No
<20170921141855.BFBAC25755@bioinformatics.org>,No
<20170921142906.3007C25784@bioinformatics.org>,No
<20170921153335.005FB25713@bioinformatics.org>,Yes
<20170925200818.34DDD257C8@bioinformatics.org>,No
<20170926152610.C047E257B7@bioinformatics.org>,No
<20170928202356.9B19D25826@bioinformatics.org>,No
<20170930021500.0554725830@bioinformatics.org>,No
<20171002143742.0428E2588E@bioinformatics.org>,No
<20171004151325.481B4258C1@bioinformatics.org>,No
<20171009204222.F32F025953@bioinformatics.org>,Yes, machine learning is a possible requirement for this job, as indicated in the description where it mentions "Competences within statistics and/or machine learning techniques". However, the job description does not explicitly mention AI or deep learning as a requirement.
<20171009204754.33B9125984@bioinformatics.org>,No
<20171010140614.C54AD2595D@bioinformatics.org>,No
<20171010162650.3E13825912@bioinformatics.org>,No
<20171011191950.2C7142599B@bioinformatics.org>,No
<20171011202956.A9613259AF@bioinformatics.org>,No
<20171012000031.4E39925991@bioinformatics.org>,No
<20171012155736.919AD259AC@bioinformatics.org>,No
<20171012174124.B077A259D6@bioinformatics.org>,No
<20171013144724.944192599E@bioinformatics.org>,No
<20171017183458.C4B6A25A03@bioinformatics.org>,No
<20171017190437.42CEA25A32@bioinformatics.org>,No
<20171018030204.74C2C25A0B@bioinformatics.org>,No
<20171018183939.C502425A26@bioinformatics.org>,No
<20171018201244.0956B25A1A@bioinformatics.org>,No
<20171018202128.C596E25A2F@bioinformatics.org>,No
<20171019213948.DDB0425A1F@bioinformatics.org>,No
<20171020190235.D964225A68@bioinformatics.org>,Yes
<20171020223900.14F9725A53@bioinformatics.org>,No
